{"cameraMode":{"drawMode":0,"name":"Shaded","section":"Shading Mode"},"sceneLighting":false,"audioPlay":false,"sceneViewState":{"m_AlwaysRefresh":false,"showFog":true,"showSkybox":false,"showFlares":true,"showImageEffects":true,"showParticleSystems":true,"showVisualEffectGraphs":true,"m_FxEnabled":true},"in2DMode":false,"pivot":{"x":0.20951026678085328,"y":0.03486034274101257,"z":-5.791985988616943},"rotation":{"x":-0.1852210909128189,"y":0.17350877821445466,"z":-0.033244941383600238,"w":-0.9666863679885864},"size":1.0693950653076172,"orthographic":false}