{"cameraMode":{"drawMode":0,"name":"Shaded","section":"Shading Mode"},"sceneLighting":true,"audioPlay":false,"sceneViewState":{"m_AlwaysRefresh":false,"showFog":true,"showSkybox":true,"showFlares":true,"showImageEffects":true,"showParticleSystems":true,"showVisualEffectGraphs":true,"m_FxEnabled":true},"in2DMode":false,"pivot":{"x":0.13888990879058839,"y":-5.897003173828125,"z":6.636929512023926},"rotation":{"x":0.282456636428833,"y":0.03021104820072651,"z":-0.008900330401957035,"w":0.9587633013725281},"size":10.225869178771973,"orthographic":false}