{"cameraMode":{"drawMode":0,"name":"Shaded","section":"Shading Mode"},"sceneLighting":true,"audioPlay":false,"sceneViewState":{"m_AlwaysRefresh":false,"showFog":true,"showSkybox":true,"showFlares":true,"showImageEffects":true,"showParticleSystems":true,"showVisualEffectGraphs":true,"m_FxEnabled":true},"in2DMode":false,"pivot":{"x":1.4107115268707276,"y":1.0146771669387818,"z":-0.022266732528805734},"rotation":{"x":-0.04223647341132164,"y":-0.6902737021446228,"z":-0.040428418666124347,"w":0.7211862206459045},"size":1.3934926986694337,"orthographic":false}