{"cameraMode":{"drawMode":0,"name":"Shaded","section":"Shading Mode"},"sceneLighting":false,"audioPlay":false,"sceneViewState":{"m_AlwaysRefresh":false,"showFog":true,"showSkybox":false,"showFlares":true,"showImageEffects":true,"showParticleSystems":true,"showVisualEffectGraphs":true,"m_FxEnabled":true},"in2DMode":false,"pivot":{"x":-0.17393702268600465,"y":-0.04835642874240875,"z":-4.768521785736084},"rotation":{"x":-0.12857864797115327,"y":0.7347894906997681,"z":-0.14536456763744355,"w":-0.6499394774436951},"size":1.1578868627548218,"orthographic":false}