{"cameraMode":{"drawMode":0,"name":"Shaded","section":"Shading Mode"},"sceneLighting":false,"audioPlay":false,"sceneViewState":{"m_AlwaysRefresh":false,"showFog":true,"showSkybox":false,"showFlares":true,"showImageEffects":true,"showParticleSystems":true,"showVisualEffectGraphs":true,"m_FxEnabled":true},"in2DMode":false,"pivot":{"x":0.009997576475143433,"y":0.03486127406358719,"z":-4.461519718170166},"rotation":{"x":-0.1852210909128189,"y":0.17350877821445466,"z":-0.033244941383600238,"w":-0.9666863679885864},"size":1.1578868627548218,"orthographic":false}